<?xml version="1.0" encoding="UTF-8"?>
<project-private xmlns="http://www.netbeans.org/ns/project-private/1">
    <editor-bookmarks xmlns="http://www.netbeans.org/ns/editor-bookmarks/2" lastBookmarkId="0"/>
    <open-files xmlns="http://www.netbeans.org/ns/projectui-open-files/2">
        <group>
            <file>file:/C:/xampp/htdocs/FundacionCardenalGaribiRivera20240708/public/administrador/modules/seguimientoCaso/api/SeguimientoCasoAPI.php</file>
            <file>file:/C:/xampp/htdocs/FundacionCardenalGaribiRivera20240708/dao/DAO.php</file>
            <file>file:/C:/xampp/htdocs/FundacionCardenalGaribiRivera20240708/public/administrador/modules/seguimientoCaso/content.php</file>
            <file>file:/C:/xampp/htdocs/FundacionCardenalGaribiRivera20240708/loader.php</file>
            <file>file:/C:/xampp/htdocs/FundacionCardenalGaribiRivera20240708/admin/AdminLineaBase.php</file>
            <file>file:/C:/xampp/htdocs/FundacionCardenalGaribiRivera20240708/dao/LineaBaseDAO.php</file>
            <file>file:/C:/xampp/htdocs/FundacionCardenalGaribiRivera20240708/public/administrador/modules/seguimientoCaso/api/seguimientoCaso.js</file>
        </group>
    </open-files>
</project-private>
