<?xml version="1.0" encoding="UTF-8"?>
<project-private xmlns="http://www.netbeans.org/ns/project-private/1">
    <editor-bookmarks xmlns="http://www.netbeans.org/ns/editor-bookmarks/2" lastBookmarkId="0"/>
    <open-files xmlns="http://www.netbeans.org/ns/projectui-open-files/2">
        <group>
            <file>file:/C:/xampp/htdocs/FundacionCardenalGaribiRivera20240708/public/emprendedor/modules/evaluacionFormacionVista/content.php</file>
            <file>file:/C:/xampp/htdocs/FundacionCardenalGaribiRivera20240708/public/emprendedor/modules/evaluacionFormacionVista/api/vistaEvaluacionFormacion.js</file>
            <file>file:/C:/xampp/htdocs/FundacionCardenalGaribiRivera20240708/public/assets/js/util.js</file>
            <file>file:/C:/xampp/htdocs/FundacionCardenalGaribiRivera20240708/public/emprendedor/modules/evaluacionFormacionVista/index.php</file>
        </group>
    </open-files>
</project-private>
