<?xml version="1.0" encoding="UTF-8"?>
<project-private xmlns="http://www.netbeans.org/ns/project-private/1">
    <editor-bookmarks xmlns="http://www.netbeans.org/ns/editor-bookmarks/2" lastBookmarkId="0"/>
    <open-files xmlns="http://www.netbeans.org/ns/projectui-open-files/2">
        <group>
            <file>file:/C:/Users/JuanCarlos/Documents/Workspace/Web/FundacionCardenalGaribiRivera202405/admin/AdminUsuario.php</file>
            <file>file:/C:/Users/JuanCarlos/Documents/Workspace/Web/FundacionCardenalGaribiRivera202405/public/index/modules/inicio/api/IndexAPI.php</file>
            <file>file:/C:/Users/JuanCarlos/Documents/Workspace/Web/FundacionCardenalGaribiRivera202405/controller/Sesion.php</file>
            <file>file:/C:/Users/JuanCarlos/Documents/Workspace/Web/FundacionCardenalGaribiRivera202405/dao/DAO.php</file>
            <file>file:/C:/Users/JuanCarlos/Documents/Workspace/Web/FundacionCardenalGaribiRivera202405/dao/UsuarioDAO.php</file>
            <file>file:/C:/Users/JuanCarlos/Documents/Workspace/Web/FundacionCardenalGaribiRivera202405/public/index/modules/inicio/api/inicio.js</file>
            <file>file:/C:/Users/JuanCarlos/Documents/Workspace/Web/FundacionCardenalGaribiRivera202405/public/index/modules/recuperacionContrasena/api/RecuperarCuentaAPI.php</file>
            <file>file:/C:/Users/JuanCarlos/Documents/Workspace/Web/FundacionCardenalGaribiRivera202405/public/emprendedor/modules/inicio/api/EmprendedorAPI.php</file>
            <file>file:/C:/Users/JuanCarlos/Documents/Workspace/Web/FundacionCardenalGaribiRivera202405/dao/util/InstruccionPreparada.php</file>
            <file>file:/C:/Users/JuanCarlos/Documents/Workspace/Web/FundacionCardenalGaribiRivera202405/public/index/modules/crearCuenta/api/CrearCuentaAPI.php</file>
        </group>
    </open-files>
</project-private>
