<?xml version="1.0" encoding="UTF-8"?>
<project-private xmlns="http://www.netbeans.org/ns/project-private/1">
    <editor-bookmarks xmlns="http://www.netbeans.org/ns/editor-bookmarks/2" lastBookmarkId="0"/>
    <open-files xmlns="http://www.netbeans.org/ns/projectui-open-files/2">
        <group>
            <file>file:/C:/Users/JuanCarlos/Documents/Workspace/Web/FundacionCardenalGaribiRivera202405/public/assets/js/util.js</file>
            <file>file:/C:/Users/JuanCarlos/Documents/Workspace/Web/FundacionCardenalGaribiRivera202405/public/emprendedor/modules/evaluacionFormacion/api/EvaluacionFormacionAPI.php</file>
            <file>file:/C:/Users/JuanCarlos/Documents/Workspace/Web/FundacionCardenalGaribiRivera202405/public/emprendedor/modules/evaluacionFormacion/content.php</file>
            <file>file:/C:/Users/JuanCarlos/Documents/Workspace/Web/FundacionCardenalGaribiRivera202405/public/emprendedor/modules/evaluacionFormacion/index.php</file>
            <file>file:/C:/Users/JuanCarlos/Documents/Workspace/Web/FundacionCardenalGaribiRivera202405/public/emprendedor/modules/vistaEvaluacionFormacion/api/vistaEvaluacionFormacion.js</file>
            <file>file:/C:/Users/JuanCarlos/Documents/Workspace/Web/FundacionCardenalGaribiRivera202405/admin/AdminEvaluacionFormacion.php</file>
            <file>file:/C:/Users/JuanCarlos/Documents/Workspace/Web/FundacionCardenalGaribiRivera202405/public/emprendedor/modules/evaluacionFormacion/api/evaluacionFormacion.js</file>
            <file>file:/C:/Users/JuanCarlos/Documents/Workspace/Web/FundacionCardenalGaribiRivera202405/model/EvaluacionFormacion.php</file>
            <file>file:/C:/Users/JuanCarlos/Documents/Workspace/Web/FundacionCardenalGaribiRivera202405/dao/EvaluacionFormacionDAO.php</file>
            <file>file:/C:/Users/JuanCarlos/Documents/Workspace/Web/FundacionCardenalGaribiRivera202405/public/emprendedor/modules/vistaEvaluacionFormacion/content.php</file>
        </group>
    </open-files>
</project-private>
